num_layers,peakmem
1,1730.265625
2,2240.140625
3,2242.73046875
4,2242.83984375
5,2241.8828125
6,2242.41796875
7,2243.4609375
8,2244.79296875
9,2244.28125
10,2244.2109375
