num_layers,peakmem
1,1757.37890625
2,2269.1328125
3,2268.0703125
4,2271.125
5,2783.23046875
6,3292.0859375
7,3807.34765625
8,4312.30859375
9,4830.734375
10,5341.65625
