num_layers,peakmem
1,2143.0
2,2143.92578125
3,2142.203125
4,2663.51171875
5,3175.00390625
6,3687.04296875
7,4201.28515625
8,4711.83984375
9,5223.87109375
10,5735.546875
