num_layers,peakmem
1,1726.94921875
2,2238.703125
3,2239.9140625
4,2239.83203125
5,2751.43359375
6,3263.94921875
7,3775.30859375
8,4285.96484375
9,4729.0546875
10,5241.8984375
