num_layers,peakmem
1,1727.59375
2,2239.19921875
3,2239.69921875
4,2239.7265625
5,2752.08203125
6,3263.27734375
7,3775.1640625
8,4287.62109375
9,4799.6328125
10,5311.31640625
