num_layers,peakmem
1,1730.5
2,2247.60546875
3,2758.97265625
4,3275.078125
5,3784.19140625
6,4304.98828125
7,4812.78125
8,5322.390625
9,5842.5
10,6349.62890625
