num_layers,peakmem
1,2637.57421875
2,3149.13671875
3,3147.8359375
4,3149.26953125
5,3148.41796875
6,3150.98828125
7,3150.7109375
8,3151.140625
9,3151.30859375
10,3150.8671875
