num_layers,peakmem
1,1726.921875
2,2239.13671875
3,2239.46875
4,2239.49609375
5,2750.65625
6,3261.9921875
7,3775.34765625
8,4287.25
9,4799.4453125
10,5310.5390625
