num_layers,peakmem
1,1730.203125
2,2247.0
3,2248.71875
4,2248.8828125
5,2763.3125
6,2761.5546875
7,2769.9296875
8,2768.125
9,2771.41015625
10,2769.98828125
