num_layers,peakmem
1,3150.7265625
2,3663.046875
3,3662.796875
4,3671.63671875
5,4183.08984375
6,4695.05859375
7,5207.05078125
8,5719.54296875
9,6232.49609375
10,6744.11328125
