num_layers,peakmem
1,1731.3828125
2,2244.27734375
3,2246.96875
4,2246.84765625
5,2762.34765625
6,3270.52734375
7,3792.30859375
8,4300.58984375
9,4805.91015625
10,4924.23046875
