num_layers,peakmem
1,1755.7578125
2,2268.18359375
3,2270.1640625
4,2271.12109375
5,2779.5546875
6,3294.98046875
7,3806.234375
8,4319.5625
9,4505.67578125
10,5339.66015625
