num_layers,peakmem
1,2645.7421875
2,3157.88671875
3,3668.7265625
4,4181.8046875
5,4694.21484375
6,5205.68359375
7,5718.53125
8,6231.84765625
9,6743.9296875
10,7255.86328125
