num_layers,peakmem
1,3150.14453125
2,3662.875
3,3662.76171875
4,3671.49609375
5,4183.82421875
6,4692.296875
7,5206.27734375
8,5716.828125
9,6230.8515625
10,6743.64453125
