num_layers,peakmem
1,1730.6328125
2,2243.703125
3,2243.484375
4,2251.25390625
5,2761.9296875
6,3276.34765625
7,3788.1015625
8,4302.8203125
9,4813.375
10,5326.29296875
