num_layers,peakmem
1,1731.40234375
2,2242.90625
3,2754.453125
4,3265.83203125
5,3778.76953125
6,4290.765625
7,4801.6640625
8,5312.49609375
9,5826.43359375
10,6335.39453125
