num_layers,peakmem
1,1616.8671875
2,2130.8515625
3,2643.0546875
4,3155.75390625
5,3668.48046875
6,4180.12109375
7,4693.43359375
8,5205.53125
9,5717.39453125
10,6230.91796875
