num_layers,peakmem
1,1727.3671875
2,2239.36328125
3,2239.0703125
4,2239.81640625
5,2749.4765625
6,2751.859375
7,2751.52734375
8,2750.80859375
9,2751.90625
10,2752.25
