num_layers,peakmem
1,2636.77734375
2,3149.45703125
3,3149.41015625
4,3157.40625
5,3670.09765625
6,4181.37109375
7,4694.10546875
8,5207.1796875
9,5719.84375
10,6230.01953125
