num_layers,peakmem
1,3150.4453125
2,3661.52734375
3,3663.453125
4,3670.74609375
5,4182.03515625
6,4695.265625
7,5207.171875
8,5719.8828125
9,6231.75
10,6744.6484375
