num_layers,peakmem
1,2637.15625
2,3149.140625
3,3150.01953125
4,3149.7890625
5,3150.47265625
6,3150.8203125
7,3151.30859375
8,3150.59375
9,3150.3984375
10,3151.86328125
