num_layers,peakmem
1,1754.90625
2,2269.0546875
3,2270.8046875
4,2271.78125
5,2779.98046875
6,3290.4453125
7,3804.41015625
8,4318.86328125
9,4831.359375
10,5341.24609375
