num_layers,peakmem
1,1754.1796875
2,2269.890625
3,2783.6484375
4,3290.421875
5,3803.859375
6,4318.10546875
7,4829.37109375
8,5341.35546875
9,5805.5
10,6207.31640625
