num_layers,peakmem
1,1216.046875
2,1728.3984375
3,1729.1796875
4,1728.62890625
5,2241.40625
6,2241.8203125
7,2241.84765625
8,2241.91015625
9,2241.63671875
10,2242.3671875
