num_layers,peakmem
1,2638.546875
2,3148.609375
3,3149.03515625
4,3158.421875
5,3669.22265625
6,4181.27734375
7,4694.19140625
8,5206.5703125
9,5718.15234375
10,6228.6796875
