num_layers,peakmem
1,1609.28515625
2,2122.4453125
3,2123.359375
4,2123.39453125
5,2123.89453125
6,2123.125
7,2124.94140625
8,2124.70703125
9,2124.3125
10,2126.1171875
