num_layers,peakmem
1,1215.30859375
2,1728.4296875
3,1727.9140625
4,1727.99609375
5,1728.92578125
6,1728.83203125
7,1730.01953125
8,1729.6015625
9,1729.578125
10,1730.08984375
