num_layers,peakmem
1,1729.06640625
2,2242.41796875
3,2245.09765625
4,2248.953125
5,2250.70703125
6,2249.6953125
7,2252.87109375
8,2253.9375
9,2257.1015625
10,2257.62890625
