num_layers,peakmem
1,3151.24609375
2,3662.81640625
3,3663.8515625
4,3671.48046875
5,4182.86328125
6,4695.140625
7,5206.5390625
8,5718.41015625
9,6231.4296875
10,6741.19921875
