num_layers,peakmem
1,1212.015625
2,1721.953125
3,1724.4296875
4,1723.90234375
5,2232.765625
6,2747.5703125
7,3259.1484375
8,3771.74609375
9,4284.9921875
10,4793.58984375
