num_layers,peakmem
1,2141.77734375
2,2142.06640625
3,2141.33984375
4,2142.34375
5,2141.59375
6,2142.83984375
7,2142.58984375
8,2142.828125
9,2142.88671875
10,2143.4375
