num_layers,peakmem
1,1609.05859375
2,2123.15234375
3,2122.82421875
4,2130.72265625
5,2644.2265625
6,3155.71484375
7,3669.00390625
8,4179.578125
9,4693.52734375
10,5205.96875
