num_layers,peakmem
1,2637.97265625
2,3149.015625
3,3149.2421875
4,3157.60546875
5,3670.5703125
6,4181.375
7,4694.76953125
8,5208.01953125
9,5719.0078125
10,6231.7578125
