num_layers,peakmem
1,1633.6875
2,2658.55078125
3,3684.03125
4,4708.41015625
5,5736.94921875
6,6759.53125
7,7786.265625
8,8811.86328125
9,9835.44921875
10,10861.7421875
