num_layers,peakmem
1,1727.26953125
2,2239.23046875
3,2239.14453125
4,2238.9375
5,2239.3203125
6,2239.38671875
7,2239.47265625
8,2239.83984375
9,2239.83203125
10,2239.5546875
