num_layers,peakmem
1,1757.66796875
2,2266.12890625
3,2270.52734375
4,2270.62109375
5,2777.35546875
6,2780.84375
7,2783.91015625
8,2782.55859375
9,2782.515625
10,2782.51171875
