num_layers,peakmem
1,1608.7890625
2,2121.9921875
3,2122.82421875
4,2131.9140625
5,2642.984375
6,2643.93359375
7,2644.3046875
8,2644.578125
9,2645.8125
10,2645.9453125
