num_layers,peakmem
1,1730.078125
2,2243.0078125
3,2250.9296875
4,2251.6640625
5,2766.41796875
6,3276.6484375
7,3785.62890625
8,4302.26953125
9,4701.3359375
10,5194.29296875
