num_layers,peakmem
1,2661.53125
2,3172.546875
3,3684.7734375
4,4198.375
5,4709.6953125
6,5222.69140625
7,5733.8828125
8,6246.65625
9,6758.1015625
10,7269.328125
