num_layers,peakmem
1,3150.4921875
2,3662.1171875
3,3662.91796875
4,3670.60546875
5,4180.60546875
6,4694.171875
7,5207.17578125
8,5718.68359375
9,6231.98046875
10,6744.6953125
