num_layers,peakmem
1,2637.23828125
2,3146.90625
3,3149.7109375
4,3150.34765625
5,3149.19140625
6,3149.17578125
7,3150.62890625
8,3149.08984375
9,3151.1328125
10,3152.2734375
