num_layers,peakmem
1,2637.9296875
2,3147.765625
3,3148.91796875
4,3157.9453125
5,3667.1796875
6,4181.65234375
7,4693.86328125
8,5207.1171875
9,5718.56640625
10,6228.96875
