num_layers,peakmem
1,2644.0390625
2,3155.88671875
3,3668.26171875
4,4181.9453125
5,4691.66796875
6,5204.0625
7,5718.4765625
8,6228.5703125
9,6741.66015625
10,7253.54296875
