num_layers,peakmem
1,2644.91015625
2,3156.90234375
3,3667.8125
4,4182.015625
5,4693.2890625
6,5204.96484375
7,5717.38671875
8,6230.55078125
9,6743.63671875
10,7254.89453125
