num_layers,peakmem
1,3150.4140625
2,3663.15234375
3,3663.08984375
4,3662.57421875
5,3662.54296875
6,3663.1328125
7,3662.86328125
8,3664.28515625
9,3662.421875
10,3663.60546875
