num_layers,peakmem
1,1215.40234375
2,1727.7734375
3,1727.8671875
4,1728.7578125
5,1728.25390625
6,1729.0703125
7,1730.0625
8,1729.2109375
9,1729.515625
10,1730.11328125
