num_layers,peakmem
1,1617.0546875
2,2131.05859375
3,2643.98828125
4,3154.90234375
5,3668.8984375
6,4180.28515625
7,4692.94140625
8,5205.59375
9,5717.84765625
10,6231.84765625
