num_layers,peakmem
1,1726.76953125
2,2238.24609375
3,2751.60546875
4,3263.34375
5,3775.41015625
6,4287.66015625
7,4799.99609375
8,5310.8203125
9,5820.7109375
10,6334.15234375
