num_layers,peakmem
1,1727.62109375
2,2239.23828125
3,2239.51953125
4,2239.8359375
5,2751.64453125
6,3263.69921875
7,3775.56640625
8,4287.90625
9,4799.21875
10,5312.3125
