num_layers,peakmem
1,1623.7890625
2,1624.125
3,1623.55859375
4,2147.23046875
5,2658.2109375
6,3172.609375
7,3685.63671875
8,4198.0078125
9,4709.9375
10,5223.6484375
