num_layers,peakmem
1,1209.75
2,1721.83203125
3,1722.42578125
4,1724.9296875
5,2236.58984375
6,2748.8203125
7,3259.17578125
8,3769.546875
9,4279.85546875
10,4795.05078125
