num_layers,peakmem
1,3148.60546875
2,3661.53125
3,3661.5234375
4,3663.2265625
5,3661.85546875
6,3664.12109375
7,3663.13671875
8,3662.90234375
9,3662.92578125
10,3664.078125
