num_layers,peakmem
1,1727.02734375
2,2239.52734375
3,2751.70703125
4,3263.12109375
5,3775.8125
6,4287.9921875
7,4799.60546875
8,5311.94921875
9,5823.21875
10,6335.62109375
