num_layers,peakmem
1,1213.3984375
2,1725.0625
3,2237.703125
4,2749.45703125
5,3261.8671875
6,3773.328125
7,4286.08203125
8,4797.41796875
9,5309.5390625
10,5821.81640625
