num_layers,peakmem
1,2660.3203125
2,3172.7890625
3,3685.46875
4,4197.12890625
5,4709.45703125
6,5221.5
7,5731.8515625
8,6245.26171875
9,6758.46875
10,7269.93359375
