num_layers,peakmem
1,1730.8671875
2,2238.14453125
3,2243.3203125
4,2245.77734375
5,2255.2109375
6,2247.7109375
7,2254.17578125
8,2258.109375
9,2250.41015625
10,2254.56640625
