num_layers,peakmem
1,3158.49609375
2,3670.9765625
3,4181.82421875
4,4694.390625
5,5207.328125
6,5718.90625
7,6231.40234375
8,6743.8984375
9,7255.98828125
10,7768.58203125
