num_layers,peakmem
1,2142.35546875
2,2144.23046875
3,2142.15625
4,2143.37890625
5,2143.4765625
6,2143.7734375
7,2143.5625
8,2143.6015625
9,2144.5859375
10,2144.10546875
