num_layers,peakmem
1,2141.5703125
2,2142.07421875
3,2141.5859375
4,2662.45703125
5,3172.9296875
6,3686.01953125
7,4199.30078125
8,4710.1015625
9,5223.6171875
10,5733.78125
