num_layers,peakmem
1,1726.94140625
2,2238.5234375
3,2239.390625
4,2239.45703125
5,2750.33203125
6,3262.296875
7,3776.15234375
8,4288.17578125
9,4799.53515625
10,5309.83984375
