num_layers,peakmem
1,1726.76171875
2,2239.31640625
3,2238.90625
4,2238.8984375
5,2751.828125
6,3263.09765625
7,3774.8828125
8,4284.69921875
9,4799.30078125
10,5311.11328125
