num_layers,peakmem
1,1730.03515625
2,2245.1015625
3,2249.984375
4,2250.59765625
5,2759.5
6,3276.625
7,3789.48828125
8,4307.80859375
9,4815.3828125
10,5327.08203125
