num_layers,peakmem
1,3158.38671875
2,3669.8515625
3,4183.89453125
4,4694.75390625
5,5206.64453125
6,5718.38671875
7,6231.26171875
8,6740.484375
9,7255.30859375
10,7767.15234375
