num_layers,peakmem
1,1754.6484375
2,2268.71484375
3,2270.23828125
4,2272.15234375
5,2782.3515625
6,3292.3515625
7,3806.4140625
8,4318.65625
9,4831.546875
10,5342.78515625
