num_layers,peakmem
1,1730.296875
2,2241.76171875
3,2240.859375
4,2243.8671875
5,2752.32421875
6,3264.8671875
7,3777.0703125
8,4287.8203125
9,4801.07421875
10,5315.375
