num_layers,peakmem
1,1727.4609375
2,2239.48828125
3,2239.5703125
4,2239.484375
5,2751.58984375
6,2751.61328125
7,2751.7421875
8,2752.2890625
9,2752.171875
10,2752.5390625
