num_layers,peakmem
1,2143.12890625
2,2143.87890625
3,2143.8671875
4,2663.734375
5,3174.28515625
6,3687.546875
7,4200.95703125
8,4711.19140625
9,5225.2578125
10,5736.30859375
