num_layers,peakmem
1,3149.796875
2,3661.203125
3,3661.99609375
4,3662.85546875
5,3663.1171875
6,3663.4375
7,3662.3515625
8,3664.12890625
9,3663.17578125
10,3664.51171875
