num_layers,peakmem
1,1730.58984375
2,2240.76171875
3,2242.75390625
4,2244.015625
5,2752.234375
6,2753.7109375
7,2754.6796875
8,2756.55078125
9,2756.6171875
10,2756.62890625
