num_layers,peakmem
1,1216.31640625
2,1728.75
3,2240.91015625
4,2752.49609375
5,3264.6953125
6,3777.125
7,4289.234375
8,4801.25390625
9,5313.921875
10,5825.984375
