num_layers,peakmem
1,1731.359375
2,2247.96484375
3,2250.43359375
4,2246.51953125
5,2764.16015625
6,3270.59765625
7,3785.8359375
8,4298.5
9,4812.75
10,5330.48828125
