num_layers,peakmem
1,1215.5390625
2,1728.5859375
3,1727.85546875
4,1729.07421875
5,2241.05859375
6,2241.578125
7,2241.66015625
8,2241.97265625
9,2242.23046875
10,2242.59375
