num_layers,peakmem
1,1620.76171875
2,1624.90234375
3,1623.28515625
4,2145.8203125
5,2146.39453125
6,2148.33984375
7,2149.27734375
8,2149.3828125
9,2150.59375
10,2151.4921875
