num_layers,peakmem
1,1205.87890625
2,1720.671875
3,1722.5625
4,1724.53125
5,1723.91796875
6,1724.0078125
7,1723.90234375
8,1724.80859375
9,1723.9375
10,1724.43359375
