num_layers,peakmem
1,1731.4609375
2,2244.71484375
3,2762.99609375
4,3278.73828125
5,3784.703125
6,4298.453125
7,4809.8046875
8,5327.78125
9,5835.375
10,6344.078125
