num_layers,peakmem
1,2637.70703125
2,3148.453125
3,3150.0546875
4,3158.1875
5,3670.578125
6,4182.3671875
7,4694.14453125
8,5207.74609375
9,5720.1015625
10,6231.25390625
