num_layers,peakmem
1,3158.16015625
2,3670.2109375
3,4182.77734375
4,4694.8203125
5,5204.984375
6,5717.9609375
7,6229.47265625
8,6743.28125
9,7250.10546875
10,7766.62890625
