num_layers,peakmem
1,2141.25
2,2142.41796875
3,2142.40625
4,2661.85546875
5,3173.2109375
6,3685.47265625
7,4199.77734375
8,4709.99609375
9,5223.8046875
10,5733.36328125
