num_layers,peakmem
1,1215.765625
2,1728.15625
3,1728.0390625
4,1728.42578125
5,2240.953125
6,2753.078125
7,3266.03515625
8,3777.90625
9,4291.33203125
10,4802.42578125
