num_layers,peakmem
1,2142.42578125
2,2142.54296875
3,2142.30859375
4,2143.71484375
5,2143.66796875
6,2143.68359375
7,2143.2734375
8,2144.6875
9,2143.8203125
10,2143.58984375
