num_layers,peakmem
1,1727.21875
2,2239.91015625
3,2239.875
4,2240.33984375
5,2751.99609375
6,2751.56640625
7,2752.30859375
8,2752.2109375
9,2752.09765625
10,2751.78515625
