num_layers,peakmem
1,2645.875
2,3157.27734375
3,3669.45703125
4,4181.7421875
5,4694.94921875
6,5206.75
7,5717.97265625
8,6231.59375
9,6743.91015625
10,7255.15234375
