num_layers,peakmem
1,1215.71484375
2,1727.8359375
3,2241.02734375
4,2752.77734375
5,3265.47265625
6,3776.890625
7,4289.765625
8,4801.94140625
9,5314.0625
10,5826.5703125
