num_layers,peakmem
1,1625.4921875
2,2136.359375
3,2649.94140625
4,3683.1015625
5,4710.7109375
6,5737.55859375
7,6761.96484375
8,7788.95703125
9,8812.8203125
10,9836.51953125
