num_layers,peakmem
1,2637.37890625
2,3147.2265625
3,3148.265625
4,3157.24609375
5,3669.015625
6,4181.72265625
7,4694.25390625
8,5206.1640625
9,5718.76171875
10,6230.90625
