num_layers,peakmem
1,1727.51953125
2,2238.2265625
3,2239.703125
4,2239.12109375
5,2750.5625
6,2751.671875
7,2752.45703125
8,2751.84765625
9,2751.3203125
10,2752.15234375
