num_layers,peakmem
1,2140.8515625
2,2142.5859375
3,2142.6015625
4,2662.27734375
5,3173.5390625
6,3686.625
7,4199.5390625
8,4710.578125
9,5222.3515625
10,5734.80859375
