num_layers,peakmem
1,2637.22265625
2,3148.9375
3,3149.4140625
4,3157.78515625
5,3668.94140625
6,4182.40234375
7,4693.5859375
8,5206.51953125
9,5718.40234375
10,6230.07421875
