num_layers,peakmem
1,1608.48828125
2,2122.3359375
3,2122.36328125
4,2131.41015625
5,2643.13671875
6,2643.73828125
7,2645.88671875
8,2644.9765625
9,2645.65625
10,2646.2734375
