num_layers,peakmem
1,2638.0625
2,3149.62109375
3,3149.8984375
4,3149.7109375
5,3150.296875
6,3149.47265625
7,3150.54296875
8,3151.03515625
9,3150.61328125
10,3151.72265625
