num_layers,peakmem
1,1730.8203125
2,2239.37890625
3,2243.70703125
4,2243.40234375
5,2756.48828125
6,3266.86328125
7,3779.26171875
8,4293.4453125
9,4802.32421875
10,5199.046875
