num_layers,peakmem
1,1211.921875
2,1724.1640625
3,1723.31640625
4,1725.05078125
5,2232.4296875
6,2748.28515625
7,3258.1640625
8,3771.3359375
9,4284.6015625
10,4796.40625
