num_layers,peakmem
1,1726.73046875
2,2239.484375
3,2751.7109375
4,3262.7890625
5,3775.078125
6,4286.94140625
7,4799.921875
8,5311.34375
9,5822.0546875
10,6335.48828125
