num_layers,peakmem
1,3158.74609375
2,3670.296875
3,4183.234375
4,4694.99609375
5,5207.1875
6,5718.66796875
7,6231.30859375
8,6743.30859375
9,7255.8359375
10,7768.66796875
