num_layers,peakmem
1,1732.20703125
2,2247.1328125
3,2247.421875
4,2247.93359375
5,2763.67578125
6,3273.86328125
7,3791.24609375
8,4296.65625
9,4710.8984375
10,4400.609375
