num_layers,peakmem
1,1731.55859375
2,2245.625
3,2248.97265625
4,2245.29296875
5,2759.73046875
6,3274.61328125
7,3789.09765625
8,4305.3359375
9,4817.50390625
10,5327.1875
