num_layers,peakmem
1,1727.59375
2,2238.98828125
3,2244.34765625
4,2243.12890625
5,2754.6484375
6,3262.5703125
7,3778.73828125
8,4290.79296875
9,4800.95703125
10,5313.26953125
