num_layers,peakmem
1,1726.38671875
2,2239.68359375
3,2751.55859375
4,3263.78125
5,3775.375
6,4287.84375
7,4799.484375
8,5311.3515625
9,5823.7578125
10,6335.37109375
