num_layers,peakmem
1,2662.625
2,3172.71484375
3,3685.3046875
4,4198.8125
5,4709.71484375
6,5222.0078125
7,5735.8515625
8,6247.28125
9,6759.65234375
10,7269.84765625
