num_layers,peakmem
1,1728.09375
2,2244.21484375
3,2243.62890625
4,2243.1640625
5,2244.06640625
6,2244.40625
7,2244.97265625
8,2243.55859375
9,2244.35546875
10,2244.85546875
