num_layers,peakmem
1,1214.68359375
2,1728.6328125
3,1728.296875
4,1728.625
5,2240.7578125
6,2241.35546875
7,2241.171875
8,2241.6015625
9,2242.11328125
10,2242.40234375
