num_layers,peakmem
1,2140.92578125
2,2141.46484375
3,2141.5
4,2140.98046875
5,2141.53125
6,2142.84765625
7,2142.2734375
8,2142.85546875
9,2142.81640625
10,2142.7109375
