num_layers,peakmem
1,1632.88671875
2,2146.1015625
3,2658.85546875
4,3170.89453125
5,3685.31640625
6,4198.48046875
7,4710.48828125
8,5223.71484375
9,5737.0703125
10,6248.1953125
