num_layers,peakmem
1,2661.19140625
2,3174.11328125
3,3687.234375
4,4199.58203125
5,4709.48828125
6,5223.41796875
7,5735.41796875
8,6248.47265625
9,6759.7421875
10,7270.76171875
