num_layers,peakmem
1,1755.64453125
2,2269.91015625
3,2269.58203125
4,2270.8515625
5,2779.02734375
6,2783.41796875
7,2783.80859375
8,2781.6953125
9,2783.96484375
10,2783.42578125
