num_layers,peakmem
1,1210.33984375
2,1722.51953125
3,1724.1484375
4,1725.0546875
5,2235.15625
6,2237.20703125
7,2237.55859375
8,2237.51171875
9,2236.9921875
10,2237.44921875
