num_layers,peakmem
1,1730.1484375
2,2247.76953125
3,2249.7109375
4,2247.6484375
5,2764.015625
6,2763.5703125
7,2766.5859375
8,2770.0234375
9,2773.12109375
10,2771.4921875
