num_layers,peakmem
1,1727.43359375
2,2239.015625
3,2239.40234375
4,2239.9296875
5,2239.88671875
6,2239.36328125
7,2239.96875
8,2239.87890625
9,2239.63671875
10,2239.37890625
