num_layers,peakmem
1,1212.51171875
2,1725.0234375
3,2236.99609375
4,2749.53515625
5,3261.1875
6,3773.234375
7,4284.86328125
8,4796.8671875
9,5309.7734375
10,5821.6875
