num_layers,peakmem
1,3150.51171875
2,3662.2890625
3,3662.60546875
4,3671.25
5,4182.96875
6,4695.05859375
7,5207.375
8,5719.2265625
9,6232.640625
10,6744.90625
