num_layers,peakmem
1,1729.15234375
2,2244.6640625
3,2251.12890625
4,2248.25
5,2765.53515625
6,2764.015625
7,2764.03125
8,2768.11328125
9,2767.421875
10,2766.26171875
