num_layers,peakmem
1,1729.4375
2,2240.30078125
3,2751.1953125
4,3268.1796875
5,3776.28515625
6,4290.578125
7,4805.03515625
8,5314.734375
9,5827.390625
10,6337.7421875
