num_layers,peakmem
1,3149.96875
2,3661.56640625
3,3662.19921875
4,3663.0546875
5,3662.71484375
6,3662.3515625
7,3664.03125
8,3663.92578125
9,3663.27734375
10,3664.0546875
