num_layers,peakmem
1,2141.8984375
2,2143.64453125
3,2142.5
4,2663.35546875
5,3174.125
6,3688.23828125
7,4200.7265625
8,4711.39453125
9,5225.265625
10,5736.140625
