num_layers,peakmem
1,1608.3125
2,2122.2265625
3,2123.41796875
4,2131.08984375
5,2644.4140625
6,3155.03515625
7,3669.078125
8,4180.20703125
9,4694.03515625
10,5206.3359375
