num_layers,peakmem
1,1210.98828125
2,1721.171875
3,1723.03515625
4,1723.34765625
5,1724.328125
6,1725.42578125
7,1725.078125
8,1724.00390625
9,1724.30078125
10,1725.1484375
