num_layers,peakmem
1,1623.578125
2,1625.23046875
3,1623.54296875
4,1624.38671875
5,1625.890625
6,1625.9375
7,1626.19921875
8,1626.609375
9,1627.87109375
10,1626.35546875
