num_layers,peakmem
1,1625.41015625
2,2136.953125
3,2649.83203125
4,3683.80078125
5,4709.12109375
6,5735.45703125
7,6756.390625
8,7788.4609375
9,8814.35546875
10,9836.36328125
