num_layers,peakmem
1,1215.78125
2,1728.00390625
3,1728.66015625
4,1729.14453125
5,2240.9765625
6,2753.35546875
7,3265.7734375
8,3777.953125
9,4289.59765625
10,4801.75
