num_layers,peakmem
1,1727.1015625
2,2239.01171875
3,2239.10546875
4,2239.84375
5,2752.18359375
6,3263.67578125
7,3775.5625
8,4287.48828125
9,4799.7109375
10,5311.6640625
