num_layers,peakmem
1,1728.5625
2,2241.61328125
3,2242.75390625
4,2241.30078125
5,2756.5
6,3266.95703125
7,3777.83203125
8,4290.453125
9,4804.7109375
10,5314.77734375
