num_layers,peakmem
1,1756.953125
2,2269.2890625
3,2778.6875
4,3291.4765625
5,3806.3671875
6,4318.44921875
7,4830.234375
8,5343.15625
9,5855.125
10,6365.875
