num_layers,peakmem
1,1753.9296875
2,2268.078125
3,2268.4921875
4,2270.55078125
5,2271.1484375
6,2270.36328125
7,2270.40625
8,2271.09765625
9,2271.296875
10,2271.375
