num_layers,peakmem
1,1212.6796875
2,1724.00390625
3,1724.50390625
4,1725.6796875
5,2236.87890625
6,2747.453125
7,3258.3984375
8,3770.7265625
9,4282.140625
10,4795.65625
