num_layers,peakmem
1,1215.4609375
2,1728.02734375
3,1728.6640625
4,1729.1328125
5,2240.78515625
6,2241.02734375
7,2241.2734375
8,2241.56640625
9,2242.046875
10,2241.9296875
