num_layers,peakmem
1,1624.4609375
2,2137.71484375
3,2651.953125
4,3162.53515625
5,3675.62890625
6,4190.234375
7,4702.20703125
8,5215.7265625
9,5729.99609375
10,6239.23046875
