num_layers,peakmem
1,1210.81640625
2,1724.125
3,1724.16015625
4,1721.98046875
5,2236.72265625
6,2745.14453125
7,3256.703125
8,3770.43359375
9,4285.1171875
10,4792.6328125
