num_layers,peakmem
1,1729.59375
2,2245.73046875
3,2242.43359375
4,2251.33203125
5,2251.74609375
6,2249.4921875
7,2261.7734375
8,2253.625
9,2257.6484375
10,2257.91015625
