num_layers,peakmem
1,3150.93359375
2,3660.07421875
3,3663.4296875
4,3671.66796875
5,4183.34765625
6,4692.78515625
7,5206.32421875
8,5717.546875
9,6228.1640625
10,6744.40234375
