num_layers,peakmem
1,1728.09765625
2,2243.21875
3,2249.75390625
4,2244.59375
5,2250.390625
6,2251.93359375
7,2251.7265625
8,2251.66015625
9,2253.3671875
10,2257.8984375
