num_layers,peakmem
1,1726.421875
2,2238.87890625
3,2239.3984375
4,2239.07421875
5,2239.38671875
6,2239.203125
7,2239.421875
8,2239.3515625
9,2239.46484375
10,2239.79296875
