num_layers,peakmem
1,2143.12109375
2,2143.80078125
3,2142.578125
4,2663.61328125
5,3174.7578125
6,3687.625
7,4200.9375
8,4711.6796875
9,5225.11328125
10,5734.96484375
