num_layers,peakmem
1,1725.3046875
2,2239.01953125
3,2238.8671875
4,2239.640625
5,2238.73828125
6,2239.2578125
7,2239.640625
8,2239.33984375
9,2239.4140625
10,2239.25
