num_layers,peakmem
1,3149.61328125
2,3661.9140625
3,3663.30078125
4,3670.20703125
5,4180.56640625
6,4693.6796875
7,5207.21875
8,5719.16796875
9,6230.18359375
10,6743.22265625
