num_layers,peakmem
1,1730.6875
2,2240.4453125
3,2243.42578125
4,2242.94140625
5,2752.6953125
6,2755.83203125
7,2755.9609375
8,2757.13671875
9,2755.59765625
10,2756.37890625
