num_layers,peakmem
1,2637.61328125
2,3149.046875
3,3149.3046875
4,3156.85546875
5,3669.7890625
6,4182.9921875
7,4695.11328125
8,5207.29296875
9,5719.68359375
10,6231.4453125
