num_layers,peakmem
1,2141.1484375
2,2142.6015625
3,2141.390625
4,2662.55859375
5,3172.9921875
6,3685.94921875
7,4199.0546875
8,4709.37109375
9,5223.625
10,5734.4375
