num_layers,peakmem
1,1729.46875
2,2246.609375
3,2246.96484375
4,2250.796875
5,2758.73828125
6,3279.26953125
7,3783.84765625
8,4300.6953125
9,4814.046875
10,5328.984375
